index,node,level,parents,params,res_gdw_id,res_inflow_flag,res_outflow_flag,res_within_flag
0,420558772,0,,112000.0;330.0;0.44;1.67
1,420557886,0,,86000.0;210.0;0.43;1.72
2,420553620,0,,761000.0;1358.0;0.45;1.15
3,420553824,0,,53000.0;117.0;0.44;1.73
4,420552578,0,,230000.0;517.0;0.44;1.44
5,420550311,0,,151000.0;419.0;0.44;1.49
6,420550722,0,,112000.0;375.0;0.44;1.62
7,420550310,0,,112000.0;304.0;0.44;1.62
8,420549714,0,,92000.0;210.0;0.44;1.68
9,420548919,0,,79000.0;234.0;0.45;1.64
10,420548480,0,,151000.0;71.0;0.45;1.45
11,420548055,0,,151000.0;397.0;0.44;1.43
12,420547868,0,,151000.0;210.0;0.45;1.47
13,420547231,0,,53000.0;117.0;0.44;1.67
14,420546417,0,,92000.0;210.0;0.45;1.64
15,420556819,0,,99000.0;117.0;0.44;1.69
16,420555999,0,,571000.0;1291.0;0.44;1.16
17,420555544,0,,118000.0;188.0;0.44;1.55
18,420555118,0,,197000.0;630.0;0.44;1.45
19,420554484,0,,243000.0;471.0;0.44;1.44
20,420554262,0,,138000.0;234.0;0.44;1.53
21,420553222,0,,217000.0;701.0;0.44;1.45
22,420552360,0,,204000.0;350.0;0.44;1.46
23,420553010,0,,66000.0;234.0;0.44;1.75
24,420553418,0,,66000.0;210.0;0.44;1.75
25,420554683,0,,112000.0;210.0;0.44;1.6
26,420554042,0,,66000.0;234.0;0.44;1.67
27,420554261,0,,125000.0;210.0;0.44;1.52
28,420552808,0,,328000.0;630.0;0.45;1.19
29,420551944,0,,86000.0;142.0;0.45;1.65
30,420550098,0,,236000.0;443.0;0.45;1.4
31,420550512,0,,348000.0;750.0;0.45;1.22
32,420549906,0,,282000.0;793.0;0.46;1.29
33,420549133,0,,190000.0;628.0;0.45;1.43
34,420550513,0,,86000.0;259.0;0.45;1.64
35,420549134,0,,302000.0;746.0;0.45;1.23
36,420549713,0,,86000.0;234.0;0.45;1.64
37,420548918,0,,230000.0;537.0;0.45;1.4
38,420549515,0,,33000.0;93.0;0.45;1.69
39,420548710,0,,243000.0;397.0;0.47;1.4
40,420545378,0,,118000.0;326.0;0.46;1.51
41,420544734,0,,171000.0;259.0;0.46;1.42
42,420543771,0,,217000.0;886.0;0.46;1.43
43,420551144,0,,354000.0;1262.0;0.44;1.18
44,420551947,0,,33000.0;93.0;0.44;1.74
45,420549909,0,,263000.0;765.0;0.44;1.44
46,420551527,0,,73000.0;350.0;0.44;1.75
47,420551726,0,,112000.0;234.0;0.44;1.67
48,420550516,0,,243000.0;795.0;0.44;1.44
49,420550515,0,,105000.0;188.0;0.44;1.67
50,420550313,0,,99000.0;259.0;0.44;1.69
51,420549339,0,,276000.0;562.0;0.44;1.44
52,420548921,0,,308000.0;866.0;0.45;1.2
53,420549135,0,,73000.0;259.0;0.44;1.74
54,420547227,0,,741000.0;1613.0;0.46;1.2
55,420548479,0,,79000.0;117.0;0.45;1.64
56,420547226,0,,348000.0;768.0;0.47;1.22
57,420547026,0,,132000.0;326.0;0.47;1.51
58,420546822,0,,105000.0;234.0;0.47;1.59
59,420545817,0,,138000.0;350.0;0.45;1.51
60,420545815,0,,145000.0;375.0;0.47;1.47
61,420545157,0,,158000.0;375.0;0.47;1.44
62,420545379,0,,164000.0;302.0;0.47;1.44
63,420545816,0,,46000.0;234.0;0.44;1.7
64,420544735,0,,230000.0;468.0;0.45;1.42
65,420548482,0,,151000.0;375.0;0.44;1.49
66,420548059,0,,315000.0;846.0;0.44;1.19
67,420547233,0,,177000.0;471.0;0.44;1.45
68,420545820,0,,315000.0;652.0;0.44;1.19
69,420546219,0,,249000.0;542.0;0.45;1.37
70,420545818,0,,112000.0;234.0;0.45;1.61
71,420544963,0,,138000.0;467.0;0.45;1.5
72,420545821,0,,230000.0;679.0;0.44;1.4
73,420544364,0,,295000.0;633.0;0.45;1.21
74,420543975,0,,217000.0;722.0;0.45;1.4
75,420544962,0,,86000.0;117.0;0.45;1.64
76,420543557,0,,125000.0;71.0;0.46;1.52
77,420542546,0,,348000.0;793.0;0.45;1.2
78,420542132,0,,308000.0;628.0;0.46;1.22
79,420541930,0,,682000.0;1453.0;0.46;1.21
80,420544732,0,,551000.0;1167.0;0.46;1.19
81,420545377,0,,308000.0;583.0;0.45;1.23
82,420544731,0,,53000.0;259.0;0.45;1.7
83,420544362,0,,125000.0;466.0;0.45;1.53
84,420544733,0,,40000.0;117.0;0.46;1.7
85,420543768,0,,335000.0;679.0;0.45;1.22
86,420542738,0,,321000.0;466.0;0.45;1.21
87,420542933,0,,86000.0;117.0;0.45;1.64
88,420543555,0,,99000.0;302.0;0.45;1.62
89,420543146,0,,105000.0;259.0;0.45;1.58
90,420543343,0,,99000.0;233.0;0.45;1.62
91,420541318,0,,118000.0;535.0;0.45;1.5
92,420541529,0,,99000.0;142.0;0.45;1.6
93,420541724,0,,46000.0;117.0;0.45;1.67
94,420541317,0,,59000.0;93.0;0.45;1.66
95,420540280,0,,269000.0;375.0;0.45;1.39
96,420540075,0,,99000.0;443.0;0.45;1.62
97,420545152,0,,230000.0;492.0;0.45;1.42
98,420543554,0,,374000.0;609.0;0.45;1.2
99,420542737,0,,348000.0;750.0;0.45;1.2
100,420542540,0,,145000.0;213.0;0.45;1.45
101,420541723,0,,243000.0;419.0;0.44;1.38
102,420545159,0,,125000.0;350.0;0.45;1.54
103,420544363,0,,374000.0;796.0;0.45;1.24
104,420543973,0,,131000.0;443.0;0.44;1.52
105,420543974,0,,158000.0;537.0;0.45;1.46
106,420541929,0,,544000.0;1464.0;0.46;1.2
107,420543149,0,,190000.0;559.0;0.47;1.43
108,420542937,0,,230000.0;583.0;0.44;1.42
109,420543150,0,,79000.0;280.0;0.45;1.66
110,420542739,0,,99000.0;233.0;0.45;1.63
111,420540921,0,,236000.0;421.0;0.45;1.42
112,420541324,0,,184000.0;326.0;0.46;1.43
113,420542545,0,,59000.0;304.0;0.45;1.69
114,420542130,0,,164000.0;443.0;0.45;1.46
115,420541531,0,,92000.0;117.0;0.46;1.65
116,420538809,0,,92000.0;442.0;0.46;1.63
117,420539024,0,,53000.0;117.0;0.45;1.69
118,420538384,0,,73000.0;280.0;0.46;1.69
119,420537774,0,,164000.0;395.0;0.46;1.44
120,420537159,0,,308000.0;559.0;0.46;1.23
121,420537158,0,,131000.0;559.0;0.46;1.52
122,420534928,0,,662000.0;1302.0;0.46;1.2
123,420536363,0,,151000.0;350.0;0.46;1.48
124,420536553,0,,112000.0;302.0;0.46;1.63
125,420535137,0,,210000.0;535.0;0.46;1.43
126,420534720,0,,99000.0;210.0;0.45;1.65
127,420535534,0,,118000.0;326.0;0.46;1.54
128,420534113,0,,144000.0;395.0;0.46;1.48
129,420534520,0,,27000.0;117.0;0.46;1.69
130,420542131,0,,79000.0;117.0;0.46;1.65
131,420542936,0,,59000.0;117.0;0.46;1.69
132,420543347,0,,446000.0;863.0;0.47;1.22
133,420543971,0,,131000.0;466.0;0.47;1.51
134,420543972,0,,262000.0;466.0;0.47;1.42
135,420541321,0,,269000.0;725.0;0.46;1.43
136,420542934,0,,138000.0;419.0;0.45;1.52
137,420543346,0,,73000.0;117.0;0.46;1.7
138,420542129,0,,138000.0;419.0;0.45;1.53
139,420541530,0,,33000.0;233.0;0.45;1.68
140,420541320,0,,190000.0;562.0;0.45;1.41
141,420540506,0,,413000.0;937.0;0.46;1.18
142,420540715,0,,105000.0;326.0;0.45;1.62
143,420540076,0,,105000.0;213.0;0.45;1.61
144,420539881,0,,79000.0;117.0;0.45;1.64
145,420536148,0,,347000.0;982.0;0.46;1.21
146,420534719,0,,321000.0;696.0;0.46;1.25
147,420535531,0,,243000.0;679.0;0.45;1.42
148,420534926,0,,131000.0;210.0;0.45;1.54
149,420537156,0,,289000.0;491.0;0.45;1.22
150,420537773,0,,190000.0;442.0;0.45;1.4
151,420538573,0,,210000.0;583.0;0.45;1.4
152,420539247,0,,328000.0;188.0;0.45;1.19
153,420539248,0,,73000.0;210.0;0.45;1.68
154,420540281,0,,118000.0;304.0;0.45;1.5
155,420540714,0,,46000.0;186.0;0.45;1.67
156,420542127,0,,269000.0;606.0;0.45;1.38
157,420542128,0,,145000.0;284.0;0.44;1.45
158,420542932,0,,125000.0;397.0;0.45;1.52
159,420540716,0,,164000.0;466.0;0.46;1.46
160,420540079,0,,158000.0;350.0;0.46;1.46
161,420539886,0,,138000.0;326.0;0.46;1.52
162,420538811,0,,79000.0;188.0;0.46;1.65
163,420538387,0,,112000.0;117.0;0.46;1.62
164,420536556,0,,236000.0;395.0;0.46;1.43
165,420537777,0,,105000.0;188.0;0.46;1.62
166,420540920,0,,59000.0;117.0;0.46;1.69
167,420539445,0,,92000.0;304.0;0.46;1.65
168,420539025,0,,177000.0;513.0;0.46;1.43
169,420539885,0,,118000.0;304.0;0.46;1.54
170,420538385,0,,190000.0;559.0;0.46;1.43
171,420538576,0,,131000.0;210.0;0.46;1.52
172,420538577,0,,79000.0;93.0;0.46;1.66
173,420537775,0,,158000.0;304.0;0.46;1.44
174,420537776,0,,53000.0;117.0;0.46;1.68
175,420536554,0,,223000.0;744.0;0.46;1.42
176,420535734,0,,557000.0;1517.0;0.46;1.18
177,420536364,0,,105000.0;302.0;0.46;1.62
178,420536555,0,,27000.0;304.0;0.46;1.68
179,420535733,0,,105000.0;210.0;0.46;1.62
180,420534929,0,,236000.0;446.0;0.46;1.42
181,420534930,0,,125000.0;233.0;0.46;1.53
182,420540283,0,,79000.0;210.0;0.45;1.62
183,420539443,0,,125000.0;210.0;0.45;1.51
184,420537980,0,,321000.0;562.0;0.45;1.21
185,420537558,0,,92000.0;188.0;0.46;1.63
186,420536362,0,,112000.0;419.0;0.46;1.64
187,420535341,0,,269000.0;860.0;0.46;1.42
188,420536964,0,,66000.0;188.0;0.45;1.69
189,420535340,0,,197000.0;768.0;0.46;1.43
190,420535532,0,,171000.0;302.0;0.46;1.44
191,420536552,0,,66000.0;117.0;0.45;1.7
192,420536150,0,,14000.0;71.0;0.46;1.69
193,420537162,0,,92000.0;188.0;0.46;1.65
194,420536367,0,,99000.0;304.0;0.46;1.65
195,420535933,0,,79000.0;186.0;0.46;1.66
196,420535736,0,,79000.0;233.0;0.46;1.65
197,420536769,0,,40000.0;71.0;0.46;1.69
198,420536558,0,,151000.0;188.0;0.46;1.49
199,420534522,0,,334000.0;866.0;0.46;1.22
200,420534933,0,,308000.0;516.0;0.46;1.26
201,420534299,0,,308000.0;863.0;0.46;1.26
202,420533901,0,,184000.0;696.0;0.46;1.42
203,420535140,0,,33000.0;71.0;0.46;1.7
204,420534932,0,,73000.0;350.0;0.46;1.68
205,420533111,0,,288000.0;535.0;0.46;1.25
206,420534301,0,,20000.0;93.0;0.46;1.7
207,420534300,0,,112000.0;375.0;0.46;1.62
208,420534721,0,,53000.0;117.0;0.46;1.68
209,420534298,0,,46000.0;71.0;0.46;1.68
210,420533109,0,,158000.0;233.0;0.46;1.47
211,420533706,0,,190000.0;562.0;0.46;1.44
212,420533897,0,,118000.0;326.0;0.46;1.54
213,420533289,0,,59000.0;93.0;0.46;1.68
214,420532309,0,,308000.0;698.0;0.46;1.23
215,420532308,0,,328000.0;537.0;0.46;1.25
216,420532112,0,,125000.0;210.0;0.46;1.53
217,420531685,0,,125000.0;350.0;0.46;1.53
218,420530479,0,,603000.0;1074.0;0.46;1.19
219,420533896,0,,86000.0;213.0;0.46;1.65
220,420533290,0,,72000.0;233.0;0.46;1.68
221,420532311,0,,164000.0;258.0;0.46;1.46
222,420530053,0,,282000.0;839.0;0.46;1.3
223,420531687,0,,33000.0;71.0;0.46;1.7
224,420531282,0,,99000.0;304.0;0.46;1.65
225,420529642,0,,158000.0;233.0;0.46;1.48
226,420529424,0,,131000.0;233.0;0.46;1.52
227,420527779,0,,727000.0;1541.0;0.46;1.23
228,420528175,0,,288000.0;627.0;0.45;1.28
229,420559164,0,,53000.0;93.0;0.46;1.75
230,420558551,0,,250000.0;397.0;0.46;1.44
231,420556820,0,,413000.0;1000.9999999999999;0.46;1.17
232,420557264,0,,191000.0;559.0;0.47;1.47
233,420557666,0,,20000.0;71.0;0.44;1.75
234,420556418,0,,295000.0;492.0;0.45;1.21
235,420556420,0,,27000.0;234.0;0.46;1.75
236,420554046,0,,453000.0;1167.0;0.44;1.16
237,420560038,0,,335000.0;1022.0;0.46;1.18
238,420560039,0,,289000.0;813.0;0.46;1.22
239,420560040,0,,118000.0;350.0;0.46;1.55
240,420559163,0,,295000.0;679.0;0.46;1.22
241,420558774,0,,171000.0;304.0;0.46;1.46
242,420558334,0,,191000.0;629.0;0.45;1.45
243,420558119,0,,99000.0;259.0;0.46;1.7
244,420557046,0,,184000.0;330.0;0.44;1.46
245,420557665,0,,204000.0;492.0;0.45;1.45
246,420559821,0,,538000.0;1029.0;0.46;1.15
247,420559162,0,,171000.0;633.0;0.44;1.46
248,420554044,0,,315000.0;1000.0;0.44;1.19
249,420554045,0,,66000.0;304.0;0.43;1.75
250,420552144,0,,191000.0;511.0;0.44;1.46
251,420551728,0,,158000.0;559.0;0.43;1.47
252,420551344,0,,243000.0;419.0;0.43;1.44
253,420551343,0,,73000.0;234.0;0.44;1.74
254,420550314,0,,204000.0;815.0;0.44;1.46
255,420550517,0,,308000.0;542.0;0.44;1.19
256,420549517,0,,282000.0;537.0;0.43;1.26
257,420556222,0,,118000.0;234.0;0.45;1.54
258,420556821,0,,33000.0;117.0;0.45;1.75
259,420557486,0,,79000.0;210.0;0.47;1.73
260,420555789,0,,191000.0;559.0;0.46;1.47
261,420555313,0,,158000.0;421.0;0.46;1.49
262,420554685,0,,92000.0;210.0;0.47;1.69
263,420553420,0,,295000.0;375.0;0.48;1.24
264,420553421,0,,53000.0;188.0;0.48;1.73
265,420555549,0,,433000.0;1097.0;0.46;1.24
266,420554902,0,,171000.0;421.0;0.47;1.47
267,420554686,0,,335000.0;746.0;0.49;1.21
268,420553422,0,,485000.0;1216.0;0.49;1.18
269,420554265,0,,145000.0;326.0;0.48;1.51
270,420553423,0,,125000.0;443.0;0.47;1.58
271,420551732,0,,138000.0;117.0;0.49;1.52
272,420551955,0,,269000.0;912.0;0.48;1.39
273,420550725,0,,164000.0;492.0;0.45;1.41
274,420551148,0,,282000.0;658.0;0.49;1.26
275,420556421,0,,59000.0;71.0;0.47;1.73
276,420554903,0,,125000.0;278.0;0.47;1.58
277,420555315,0,,125000.0;234.0;0.47;1.62
278,420554266,0,,138000.0;234.0;0.47;1.55
279,420554905,0,,92000.0;304.0;0.46;1.7
280,420554052,0,,99000.0;350.0;0.46;1.7
281,420553624,0,,73000.0;188.0;0.46;1.74
282,420553424,0,,99000.0;117.0;0.47;1.68
283,420552363,0,,46000.0;117.0;0.49;1.69
284,420550924,0,,243000.0;537.0;0.49;1.42
285,420554263,0,,269000.0;744.0;0.45;1.44
286,420554264,0,,118000.0;210.0;0.45;1.54
287,420553014,0,,322000.0;861.0;0.46;1.18
288,420553827,0,,132000.0;259.0;0.45;1.52
289,420553225,0,,99000.0;302.0;0.45;1.68
290,420552147,0,,341000.0;909.0;0.44;1.17
291,420553015,0,,66000.0;117.0;0.43;1.74
292,420551952,0,,197000.0;604.0;0.44;1.45
293,420551345,0,,99000.0;234.0;0.43;1.68
294,420550317,0,,223000.0;443.0;0.43;1.41
295,420550518,0,,276000.0;772.0;0.43;1.4
296,420550921,0,,164000.0;375.0;0.43;1.47
297,420549717,0,,236000.0;630.0;0.43;1.39
298,420549716,0,,151000.0;468.0;0.43;1.45
299,420551348,0,,132000.0;259.0;0.47;1.53
300,420550726,0,,223000.0;395.0;0.49;1.42
301,420552810,0,,164000.0;375.0;0.45;1.45
302,420551532,0,,407000.0;959.0;0.45;1.15
303,420552148,0,,99000.0;419.0;0.45;1.68
304,420551953,0,,145000.0;350.0;0.45;1.47
305,420549912,0,,446000.0;1329.0;0.45;1.15
306,420552149,0,,40000.0;210.0;0.45;1.72
307,420551730,0,,158000.0;326.0;0.44;1.46
308,420551147,0,,73000.0;188.0;0.43;1.69
309,420550519,0,,177000.0;535.0;0.44;1.4
310,420549911,0,,79000.0;304.0;0.44;1.63
311,420549719,0,,269000.0;633.0;0.44;1.37
312,420549141,0,,236000.0;696.0;0.45;1.38
313,420548923,0,,276000.0;679.0;0.44;1.37
314,420548924,0,,112000.0;142.0;0.44;1.61
315,420548715,0,,158000.0;397.0;0.45;1.42
316,420548486,0,,99000.0;188.0;0.45;1.63
317,420548488,0,,223000.0;350.0;0.45;1.42
318,420550318,0,,99000.0;188.0;0.49;1.64
319,420550102,0,,230000.0;375.0;0.47;1.39
320,420549915,0,,112000.0;446.0;0.49;1.61
321,420549345,0,,289000.0;770.0;0.49;1.23
322,420549342,0,,184000.0;446.0;0.47;1.4
323,420549343,0,,92000.0;304.0;0.47;1.63
324,420549143,0,,86000.0;329.0;0.49;1.65
325,420548926,0,,125000.0;188.0;0.46;1.52
326,420549344,0,,20000.0;117.0;0.48;1.68
327,420548928,0,,79000.0;326.0;0.47;1.64
328,420548925,0,,46000.0;117.0;0.46;1.69
329,420548067,0,,33000.0;93.0;0.47;1.69
330,420547874,0,,33000.0;93.0;0.46;1.7
331,420549139,0,,171000.0;446.0;0.44;1.39
332,420549340,0,,118000.0;234.0;0.44;1.54
333,420548265,0,,145000.0;397.0;0.44;1.44
334,420549140,0,,92000.0;234.0;0.44;1.62
335,420548713,0,,112000.0;213.0;0.44;1.61
336,420547030,0,,282000.0;443.0;0.45;1.26
337,420545989,0,,289000.0;744.0;0.45;1.2
338,420546625,0,,204000.0;421.0;0.44;1.4
339,420545827,0,,243000.0;792.0;0.45;1.39
340,420544966,0,,243000.0;421.0;0.45;1.41
341,420545826,0,,46000.0;117.0;0.45;1.68
342,420544965,0,,197000.0;513.0;0.44;1.4
343,420544537,0,,105000.0;329.0;0.45;1.63
344,420544169,0,,125000.0;443.0;0.45;1.52
345,420548718,0,,413000.0;934.0;0.49;1.19
346,420548717,0,,204000.0;443.0;0.49;1.42
347,420547651,0,,459000.0;1093.0;0.48;1.18
348,420547443,0,,158000.0;513.0;0.48;1.44
349,420545996,0,,354000.0;863.0;0.48;1.21
350,420546631,0,,105000.0;326.0;0.48;1.62
351,420546632,0,,79000.0;304.0;0.48;1.65
352,420544968,0,,164000.0;142.0;0.46;1.44
353,420543777,0,,328000.0;861.0;0.47;1.19
354,420544742,0,,92000.0;302.0;0.45;1.64
355,420543351,0,,348000.0;1164.0;0.45;1.18
356,420544171,0,,118000.0;350.0;0.45;1.52
357,420543776,0,,138000.0;304.0;0.45;1.51
358,420548711,0,,236000.0;513.0;0.44;1.45
359,420548483,0,,40000.0;188.0;0.44;1.74
360,420548484,0,,125000.0;234.0;0.44;1.54
361,420548061,0,,118000.0;326.0;0.44;1.54
362,420548060,0,,164000.0;304.0;0.44;1.46
363,420546624,0,,204000.0;446.0;0.44;1.41
364,420546420,0,,112000.0;304.0;0.44;1.6
365,420545823,0,,92000.0;234.0;0.45;1.64
366,420543774,0,,459000.0;604.0;0.45;1.17
367,420545825,0,,20000.0;117.0;0.45;1.67
368,420544168,0,,138000.0;142.0;0.45;1.5
369,420543773,0,,184000.0;511.0;0.45;1.4
370,420543348,0,,321000.0;609.0;0.45;1.2
371,420543152,0,,138000.0;302.0;0.45;1.49
372,420542741,0,,210000.0;371.0;0.45;1.4
373,420547235,0,,125000.0;350.0;0.45;1.53
374,420547033,0,,105000.0;234.0;0.46;1.63
375,420547236,0,,66000.0;326.0;0.45;1.7
376,420546827,0,,112000.0;606.0;0.45;1.63
377,420545828,0,,204000.0;304.0;0.45;1.42
378,420545991,0,,184000.0;304.0;0.45;1.42
379,420545381,0,,295000.0;604.0;0.45;1.24
380,420546626,0,,79000.0;284.0;0.45;1.66
381,420545606,0,,171000.0;234.0;0.45;1.43
382,420544538,0,,269000.0;696.0;0.44;1.41
383,420544367,0,,328000.0;795.0;0.45;1.23
384,420543977,0,,315000.0;672.0;0.44;1.23
385,420545161,0,,86000.0;304.0;0.44;1.67
386,420544539,0,,164000.0;471.0;0.44;1.44
387,420543350,0,,269000.0;397.0;0.44;1.42
388,420546423,0,,138000.0;350.0;0.46;1.51
389,420546422,0,,190000.0;446.0;0.45;1.42
390,420545993,0,,341000.0;655.0;0.46;1.21
391,420545992,0,,125000.0;326.0;0.45;1.53
392,420545829,0,,204000.0;302.0;0.46;1.41
393,420545162,0,,99000.0;142.0;0.45;1.65
394,420544369,0,,86000.0;326.0;0.45;1.66
395,420543154,0,,335000.0;720.0;0.45;1.22
396,420542550,0,,551000.0;1255.0;0.45;1.17
397,420542939,0,,400000.0;881.0;0.45;1.21
398,420544368,0,,33000.0;117.0;0.45;1.7
399,420542549,0,,262000.0;443.0;0.45;1.42
400,420542346,0,,262000.0;443.0;0.45;1.42
401,420542940,0,,223000.0;487.0;0.45;1.4
402,420543561,0,,59000.0;117.0;0.45;1.68
403,420558773,1,0;1,27000.0;188.0;0.44;1.45
404,420553417,1,2;3,27000.0;234.0;0.45;1.14
405,420550514,1,6;7,158000.0;375.0;0.44;1.16
406,420554043,1,18;19,236000.0;654.0;0.45;1.16
407,420553619,1,25;26,171000.0;446.0;0.44;1.17
408,420551945,1,28;29,223000.0;679.0;0.45;1.14
409,420551341,1,31;32,210000.0;750.0;0.46;1.19
410,420550309,1,36;37,59000.0;302.0;0.45;1.18
411,420549907,1,38;39,204000.0;792.0;0.45;1.19
412,420549908,1,50;51,132000.0;421.0;0.44;1.15
413,420549516,1,54;55,132000.0;492.0;0.46;1.15
414,420546415,1,58;60;62,59000.0;188.0;0.47;1.2
415,420547232,1,67;68,99000.0;354.0;0.45;1.15
416,420546823,1,69;70,14000.0;117.0;0.45;1.18
417,420544166,1,76;78,145000.0;350.0;0.45;1.16
418,420545156,1,40;81,14000.0;93.0;0.46;1.21
419,420544361,1,80;84,46000.0;233.0;0.46;1.21
420,420544165,1,82;85,197000.0;654.0;0.46;1.21
421,420541923,1,92;94,269000.0;608.0;0.45;1.16
422,420540917,1,95;96,151000.0;608.0;0.46;1.14
423,420544729,1,97;98,341000.0;864.0;0.47;1.21
424,420543145,1,100;101,177000.0;630.0;0.46;1.16
425,420544736,1,103;104,190000.0;542.0;0.46;1.21
426,420539252,1,118;119,112000.0;397.0;0.46;1.21
427,420537373,1,123;124,223000.0;654.0;0.46;1.19
428,420543556,1,133;134,53000.0;186.0;0.46;1.22
429,420539880,1,141;143,262000.0;375.0;0.47;1.2
430,420535930,1,147;148,14000.0;117.0;0.46;1.23
431,420537157,1,149;150,105000.0;350.0;0.46;1.18
432,420539664,1,151;153,66000.0;326.0;0.45;1.19
433,420541925,1,157;158,204000.0;701.0;0.45;1.17
434,420540717,1,160;161,118000.0;373.0;0.45;1.22
435,420536767,1,175;176,171000.0;117.0;0.48;1.19
436,420534931,1,204;205,125000.0;421.0;0.46;1.19
437,420534523,1,206;207,79000.0;326.0;0.46;1.44
438,420533707,1,211;215,14000.0;71.0;0.46;1.19
439,420532527,1,217;218,86000.0;326.0;0.47;1.19
440,420533705,1,210;219,321000.0;562.0;0.46;1.21
441,420530054,1,226;227,177000.0;696.0;0.48;1.24
442,420529852,1,225;228,295000.0;583.0;0.47;1.23
443,420559602,1,239;240,53000.0;213.0;0.45;1.16
444,420558550,1,229;241,59000.0;234.0;0.46;1.27
445,420559599,1,246;247,27000.0;117.0;0.45;1.16
446,420552145,1,45;253;254,138000.0;537.0;0.44;1.15
447,420550315,1,255;256,190000.0;588.0;0.45;1.14
448,420557048,1,232;259,27000.0;117.0;0.46;1.21
449,420553826,1,260;261,230000.0;791.0;0.45;1.15
450,420554050,1,262;263,177000.0;421.0;0.49;1.18
451,420554051,1,267;268,79000.0;234.0;0.5;1.19
452,420551347,1,272;273,112000.0;400.0;0.49;1.17
453,420556004,1,266;276,46000.0;326.0;0.46;1.26
454,420553013,1,286;288,73000.0;559.0;0.45;1.18
455,420551957,1,299;300,79000.0;302.0;0.48;1.19
456,420551954,1,303;304,14000.0;93.0;0.45;1.43
457,420552361,1,301;302;305,118000.0;446.0;0.5;1.19
458,420551531,1,307;308,20000.0;117.0;0.45;1.4
459,420550101,1,309;311,40000.0;234.0;0.45;1.14
460,420549914,1,318;320,132000.0;375.0;0.48;1.19
461,420549720,1,319;322,125000.0;425.0;0.47;1.15
462,420549142,1,321;324,7000.0;117.0;0.47;1.18
463,420548712,1,334;335,40000.0;234.0;0.44;1.37
464,420545990,1,341;342,171000.0;535.0;0.45;1.18
465,420544365,1,343;344,466000.0;1008.0;0.46;1.17
466,420548069,1,345;346,59000.0;188.0;0.48;1.16
467,420547036,1,347;348,164000.0;350.0;0.49;1.18
468,420545385,1,349;353,158000.0;421.0;0.49;1.17
469,420545384,1,354;355,118000.0;489.0;0.47;1.18
470,420548264,1,358;359,86000.0;210.0;0.44;1.18
471,420544964,1,368;369,99000.0;419.0;0.45;1.17
472,420544740,1,370;371,7000.0;117.0;0.45;1.16
473,420544167,1,77;372,86000.0;326.0;0.46;1.16
474,420547032,1,378;379,14000.0;93.0;0.44;1.19
475,420546220,1,340;382,27000.0;117.0;0.44;1.19
476,420545160,1,383;384,204000.0;443.0;0.46;1.2
477,420544170,1,386;387,112000.0;397.0;0.44;1.2
478,420546828,1,391;392,14000.0;117.0;0.45;1.21
479,420545165,1,356;396,79000.0;278.0;0.47;1.17
480,420543560,1,399;400,511000.0;1145.0;0.47;1.21
481,420543562,1,401;402,151000.0;443.0;0.46;1.17
482,420551946,2,404;4,361000.0;750.0;0.47;1.16
483,420552358,2,407;27,734000.0;1308.0;0.47;1.17
484,420551142,2,34;410;35,27000.0;210.0;0.46;1.15
485,420551522,2,409;411,40000.0;117.0;0.48;1.18
486,420550920,2,48;412,7000.0;117.0;0.45;1.16
487,420549336,2,413;9,217000.0;562.0;0.47;1.16
488,420546416,2,57;414,125000.0;492.0;0.47;1.21
489,420547027,2,66;415,171000.0;350.0;0.47;1.16
490,420544738,2,75;417,302000.0;795.0;0.47;1.16
491,420543770,2,418;41,164000.0;720.0;0.47;1.22
492,420543968,2,420;86,33000.0;142.0;0.48;1.22
493,420541924,2,421;91,131000.0;492.0;0.46;1.15
494,420544535,2,423;99,20000.0;117.0;0.49;1.19
495,420544737,2,102;425,14000.0;117.0;0.47;1.22
496,420542935,2,132;428,66000.0;233.0;0.47;1.22
497,420540507,2,429;144,59000.0;259.0;0.47;1.19
498,420536149,2,145;430,184000.0;491.0;0.47;1.21
499,420541926,2,433;140,14000.0;71.0;0.45;1.17
500,420541726,2,434;159,230000.0;584.0;0.47;1.21
501,420538386,2,435;174,73000.0;233.0;0.48;1.21
502,420535535,2,436;202,14000.0;93.0;0.47;1.19
503,420535141,2,203;437,59000.0;326.0;0.46;1.26
504,420533288,2,212;438,40000.0;142.0;0.46;1.19
505,420533110,2,216;439,40000.0;186.0;0.48;1.2
506,420533895,2,129;440,249000.0;304.0;0.47;1.22
507,420530257,2,224;442,216000.0;421.0;0.48;1.25
508,420559601,2,238;443,14000.0;71.0;0.46;1.16
509,420558335,2,444;243,14000.0;117.0;0.46;1.17
510,420553012,2,446;251,40000.0;210.0;0.45;1.15
511,420556612,2,258;448,59000.0;302.0;0.46;1.16
512,420553224,2,285;449,177000.0;535.0;0.47;1.16
513,420553226,2,450;264,125000.0;467.0;0.49;1.18
514,420553017,2,269;451,210000.0;726.0;0.52;1.19
515,420556617,2,453;265,14000.0;93.0;0.47;1.23
516,420552579,2,454;289,53000.0;326.0;0.43;1.15
517,420552581,2,284;455,210000.0;608.0;0.5;1.19
518,420551530,2,306;458,40000.0;188.0;0.45;1.18
519,420549913,2,461;323,40000.0;188.0;0.48;1.17
520,420548063,2,463;336,164000.0;513.0;0.45;1.15
521,420547029,2,339;464,505000.0;1028.0;0.47;1.16
522,420545605,2,465;367,145000.0;304.0;0.46;1.15
523,420548068,2,327;466,79000.0;350.0;0.49;1.17
524,420545995,2,351;468,46000.0;142.0;0.49;1.17
525,420546221,2,352;469,33000.0;234.0;0.48;1.19
526,420545822,2,365;471,210000.0;652.0;0.46;1.16
527,420544739,2,472;473,112000.0;443.0;0.48;1.18
528,420547234,2,474;377,132000.0;467.0;0.46;1.19
529,420546421,2,381;475,145000.0;628.0;0.46;1.18
530,420546627,2,380;476,190000.0;583.0;0.47;1.22
531,420544967,2,477;397,33000.0;186.0;0.47;1.21
532,420544741,2,480;398,217000.0;517.0;0.49;1.2
533,420544969,2,357;481,190000.0;535.0;0.49;1.18
534,420553008,3,21;482,33000.0;142.0;0.47;1.14
535,420550917,3,485;33,164000.0;633.0;0.48;1.13
536,420549337,3,487;8,33000.0;117.0;0.47;1.16
537,420546622,3,56;488,99000.0;234.0;0.49;1.22
538,420548058,3,65;489,20000.0;117.0;0.47;1.17
539,420543969,3,419;492,14000.0;71.0;0.49;1.21
540,420543767,3,494;424,276000.0;725.0;0.48;1.15
541,420542341,3,107;496,66000.0;188.0;0.48;1.24
542,420540284,3,497;142,86000.0;233.0;0.49;1.21
543,420536765,3,498;431,27000.0;117.0;0.49;1.19
544,420541927,3,499;139,282000.0;979.0;0.48;1.2
545,420542740,3,111;500;113,92000.0;468.0;0.48;1.24
546,420538575,3,173;501,321000.0;700.0;0.49;1.22
547,420535735,3,181;502,86000.0;350.0;0.48;1.19
548,420535738,3,200;503,40000.0;117.0;0.46;1.22
549,420533492,3,504;505,86000.0;233.0;0.49;1.16
550,420535138,3,127;506,40000.0;142.0;0.48;1.23
551,420531493,3,223;507,33000.0;142.0;0.48;1.23
552,420559600,3,237;508,46000.0;210.0;0.48;1.18
553,420557887,3,230;509,118000.0;210.0;0.47;1.17
554,420556000,3,257;511,138000.0;397.0;0.46;1.15
555,420551956,3,513;457,420000.0;937.0;0.5;1.15
556,420553227,3,514;270,79000.0;117.0;0.51;1.19
557,420551146,3,518;456,118000.0;419.0;0.44;1.15
558,420548922,3,331;520,33000.0;117.0;0.46;1.14
559,420545824,3,522;366,79000.0;302.0;0.48;1.16
560,420546222,3,350;524,20000.0;117.0;0.5;1.18
561,420545604,3,73;527,53000.0;234.0;0.48;1.15
562,420547648,3,338;529,20000.0;93.0;0.47;1.17
563,420545383,3,393;531,14000.0;117.0;0.48;1.22
564,420545163,3,532;395,27000.0;71.0;0.49;1.16
565,420551342,4,535;484,27000.0;117.0;0.46;0.99
566,420548920,4,536;10,125000.0;421.0;0.47;1.14
567,420545158,4,537;61,348000.0;517.0;0.48;1.19
568,420543970,4,83;539,27000.0;117.0;0.49;1.19
569,420543342,4,540;89,112000.0;446.0;0.48;1.07
570,420541532,4,541;131,407000.0;817.0;0.48;1.2
571,420536549,4,543;146,53000.0;213.0;0.49;1.16
572,420539444,4,546;170,184000.0;583.0;0.49;1.19
573,420536366,4,547;199,79000.0;326.0;0.49;1.2
574,420535934,4,548;201,27000.0;117.0;0.48;1.23
575,420533898,4,549;214,92000.0;302.0;0.47;1.16
576,420534927,4,550;128,184000.0;421.0;0.49;1.23
577,420531492,4,551;441,20000.0;117.0;0.47;1.17
578,420558983,4,552;445,66000.0;302.0;0.47;1.13
579,420557667,4,553;233,33000.0;117.0;0.46;1.16
580,420549138,4,298;558,223000.0;583.0;0.47;1.16
581,420546419,4,364;559,263000.0;744.0;0.48;1.12
582,420545994,4,560;533,236000.0;562.0;0.5;1.15
583,420545988,4,72;561,46000.0;210.0;0.48;1.13
584,420547031,4,562;376,479000.0;1104.0;0.48;1.13
585,420545382,4,385;563,426000.0;1164.0;0.48;1.2
586,420545164,4,564;394,256000.0;704.0;0.48;1.12
587,420551523,5,408;565,125000.0;492.0;0.46;0.97
588,420545987,5,567;64,132000.0;400.0;0.47;1.17
589,420543769,5,568;87,46000.0;188.0;0.49;1.19
590,420542931,5,88;569;90,79000.0;302.0;0.48;0.99
591,420536550,5,571;190,14000.0;117.0;0.48;1.17
592,420536966,5,178;573,269000.0;1117.0;0.49;1.19
593,420535737,5,198;574,125000.0;233.0;0.49;1.25
594,420534521,5,208;575,59000.0;210.0;0.47;1.16
595,420535732,5,126;576,73000.0;117.0;0.49;1.23
596,420531686,5,577;222,151000.0;326.0;0.47;1.02
597,420558118,5,578;403,86000.0;350.0;0.46;1.14
598,420556419,5,579;234,276000.0;725.0;0.48;1.16
599,420546630,5,467;582,210000.0;658.0;0.48;0.99
600,420546418,5,71;583,59000.0;234.0;0.47;1.14
601,420545607,5,586;479,105000.0;395.0;0.48;0.99
602,420551524,6,587;30,40000.0;188.0;0.46;0.93
603,420546218,6,588;63,46000.0;210.0;0.47;1.18
604,420543344,6,589;544,53000.0;188.0;0.48;1.03
605,420542541,6,493;590,99000.0;233.0;0.48;0.96
606,420536766,6,188;591,33000.0;117.0;0.48;1.19
607,420536557,6,197;593,66000.0;188.0;0.49;1.24
608,420535931,6,192;595,27000.0;117.0;0.49;1.23
609,420532310,6,221;596,79000.0;326.0;0.48;1.02
610,420557047,6,242;597;244,177000.0;397.0;0.47;1.0
611,420555787,6,231;598,158000.0;375.0;0.48;1.13
612,420546825,6,363;600,125000.0;259.0;0.46;1.07
613,420546629,6,599;525;601,276000.0;537.0;0.49;0.8
614,420551525,7,483;602,413000.0;1058.0;0.47;0.92
615,420546623,7,603;59,184000.0;443.0;0.47;1.03
616,420543147,7,491;604,46000.0;188.0;0.48;0.95
617,420542126,7,156;605,33000.0;210.0;0.48;0.91
618,420536965,7,606;189,53000.0;210.0;0.48;1.05
619,420536768,7,607;196,27000.0;117.0;0.49;1.24
620,420535533,7,191;608,158000.0;375.0;0.49;1.19
621,420532897,7,220;609,315000.0;583.0;0.48;1.01
622,420556818,7,245;610,112000.0;350.0;0.46;0.99
623,420555788,7,611;235,79000.0;234.0;0.48;1.14
624,420547028,7,612;526,99000.0;350.0;0.47;0.98
625,420547442,7,388;613,171000.0;395.0;0.49;0.76
626,420551526,8,614;405,14000.0;71.0;0.47;0.88
627,420547228,8,12;615,53000.0;188.0;0.47;0.99
628,420543148,8,616;138,27000.0;117.0;0.49;0.95
629,420541725,8,617;93,27000.0;117.0;0.48;0.91
630,420537371,8,185;618,40000.0;188.0;0.48;1.02
631,420537161,8,193;619,14000.0;71.0;0.49;1.23
632,420536551,8,125;620,164000.0;466.0;0.49;1.19
633,420533900,8,213;621,27000.0;117.0;0.48;1.0
634,420556611,8,622;16,33000.0;117.0;0.46;0.96
635,420554048,8,623;554,400000.0;837.0;0.46;0.99
636,420547647,8,362;624,40000.0;188.0;0.46;0.97
637,420548268,8,523;625,46000.0;188.0;0.48;0.73
638,420551143,9,626;5,138000.0;517.0;0.47;0.86
639,420547229,9,627;14,79000.0;234.0;0.47;0.98
640,420543345,9,42;628,53000.0;210.0;0.49;0.94
641,420541319,9,629;422,59000.0;233.0;0.48;0.89
642,420537559,9,630;186,158000.0;446.0;0.48;1.0
643,420536967,9,631;195,66000.0;188.0;0.49;1.2
644,420537372,9,632;187,92000.0;302.0;0.48;1.05
645,420533899,9,209;633,164000.0;537.0;0.48;0.96
646,420556417,9,15;634,33000.0;117.0;0.46;0.95
647,420554047,9,236;635,20000.0;117.0;0.46;0.96
648,420546826,9,470;636,223000.0;630.0;0.47;0.92
649,420548489,9,637;329,14000.0;117.0;0.49;0.72
650,420550918,10,47;638,138000.0;400.0;0.47;0.85
651,420547230,10,11;639,99000.0;213.0;0.46;0.97
652,420542542,10,640;137,105000.0;375.0;0.49;0.93
653,420540505,10,154;641,236000.0;375.0;0.48;1.04
654,420536151,10,643;194,158000.0;233.0;0.48;1.19
655,420537981,10,642;644,33000.0;186.0;0.49;0.92
656,420535139,10,594;645,295000.0;653.0;0.49;0.84
657,420554485,10,646;17,485000.0;1259.0;0.47;0.93
658,420547440,10,361;648,125000.0;259.0;0.47;0.92
659,420547875,10,462;649,138000.0;329.0;0.47;0.58
660,420548056,11,651;13,177000.0;770.0;0.47;0.98
661,420542543,11,652;136,79000.0;233.0;0.48;0.93
662,420540713,11,152;653,14000.0;71.0;0.49;0.89
663,420537375,11,165;654,164000.0;304.0;0.48;1.2
664,420535932,11,180;656,112000.0;421.0;0.49;0.82
665,420547869,11,658;581,177000.0;400.0;0.47;0.81
666,420548267,11,326;659,86000.0;350.0;0.47;0.58
667,420541928,12,135;661,59000.0;233.0;0.49;0.92
668,420540282,12,432;662,125000.0;304.0;0.49;0.89
669,420537982,12,163;663,66000.0;258.0;0.48;1.07
670,420536365,12,179;664,171000.0;491.0;0.49;0.84
671,420548062,12,360;665,20000.0;117.0;0.47;0.81
672,420541322,13,114;667,138000.0;375.0;0.49;0.96
673,420539442,13,668;155,184000.0;375.0;0.5;0.9
674,420538160,13,669;164,53000.0;210.0;0.48;1.05
675,420537160,13,670;177,256000.0;562.0;0.49;0.77
676,420547870,13,337;671,66000.0;326.0;0.47;0.83
677,420541114,14,672;130,145000.0;350.0;0.5;0.94
678,420539249,14,673;182,236000.0;491.0;0.5;0.84
679,420538578,14,162;674,177000.0;375.0;0.48;1.04
680,420537374,14,122;675,164000.0;442.0;0.48;0.71
681,420548485,14,676;521,66000.0;278.0;0.46;0.7
682,420540918,15,677;115,53000.0;350.0;0.5;0.93
683,420539250,15,678;183,27000.0;117.0;0.49;0.82
684,420539026,15,679;592,99000.0;188.0;0.48;0.94
685,420538810,15,427;680,256000.0;861.0;0.48;0.58
686,420549136,15,332;681,14000.0;117.0;0.46;0.71
687,420538574,16,683;184,236000.0;633.0;0.49;0.84
688,420539253,16,684;172,14000.0;117.0;0.48;0.95
689,420540285,16,685;168,14000.0;117.0;0.48;0.57
690,420549137,16,686;333,158000.0;395.0;0.45;0.66
691,420538159,17,687;655,177000.0;375.0;0.47;0.53
692,420539446,17,169;688,53000.0;188.0;0.49;0.92
693,420549910,17,447;690,40000.0;117.0;0.44;0.53
694,420538808,18,121;691,73000.0;233.0;0.47;0.53
695,420539665,18,692;171,230000.0;421.0;0.49;0.95
696,420550316,18,693;580,46000.0;186.0;0.45;0.49
697,420539251,19,694;120,138000.0;304.0;0.47;0.53
698,420540286,19,167;695,138000.0;188.0;0.49;0.92
699,420550723,19,296;696,138000.0;467.0;0.45;0.49
700,420539882,20,117;697,7000.0;117.0;0.47;0.53
701,420540510,20,166;698,92000.0;350.0;0.49;0.91
702,420551528,20,699;295,40000.0;210.0;0.45;0.5
703,420540077,21,542;700,243000.0;679.0;0.47;0.51
704,420539883,22,703;426,14000.0;71.0;0.46;0.51
705,420539884,23,704;116,158000.0;468.0;0.46;0.51
706,420540508,24,682;705;689,236000.0;587.0;0.45;0.36
707,420540919,25,706;572,79000.0;280.0;0.46;0.35
708,420541323,26,570;707,14000.0;117.0;0.45;0.35
709,420540509,27,106;708,223000.0;517.0;0.44;0.35
710,420540078,28,709;701,387000.0;652.0;0.45;0.33
711,420542342,29,110;710,92000.0;329.0;0.44;0.34
712,420542544,30,108;711;112,40000.0;188.0;0.43;0.33
713,420542343,31,109;712,99000.0;280.0;0.45;0.33
714,420543151,32,713;545,131000.0;304.0;0.46;0.32
715,420543772,33,79;714,210000.0;511.0;0.46;0.33
716,420544536,34,715;105,33000.0;186.0;0.46;0.33
717,420544961,35,495;716,145000.0;375.0;0.47;0.32
718,420545380,36,74;717,59000.0;234.0;0.47;0.32
719,420545819,37,718;490,171000.0;511.0;0.48;0.32
720,420546824,38,416;719,184000.0;628.0;0.48;0.32
721,420548057,39,660;720,33000.0;117.0;0.49;0.32
722,420548263,40,721;538,14000.0;93.0;0.49;0.32
723,420548481,41,566;722,132000.0;443.0;0.49;0.32
724,420549338,42,53;723,164000.0;350.0;0.49;0.31
725,420549715,43,724;52,40000.0;186.0;0.49;0.31
726,420550312,44,49;725,112000.0;326.0;0.49;0.31
727,420550919,45,486;726,86000.0;302.0;0.49;0.31
728,420551727,46,46;650;727,33000.0;186.0;0.49;0.3
729,420551948,47,43;728,73000.0;234.0;0.49;0.3
730,420552359,48,44;729,66000.0;302.0;0.49;0.31
731,420553009,49,24;534;730,191000.0;492.0;0.49;0.3
732,420553621,50,406;23;731,79000.0;329.0;0.49;0.3
733,420553825,51,20;732,14000.0;71.0;0.49;0.3
734,420553622,52,733;22,79000.0;259.0;0.49;0.3
735,420553623,53,657;734,138000.0;375.0;0.5;0.29
736,420553223,54,248;735;249,73000.0;188.0;0.5;0.29
737,420553011,55,736;250,256000.0;567.0;0.5;0.29
738,420553419,56,737;510,66000.0;259.0;0.5;0.3
739,420551949,57,647;738,328000.0;584.0;0.49;0.27
740,420551729,58,739;252,243000.0;425.0;0.49;0.27
741,420551950,59,512;740,204000.0;608.0;0.48;0.27
742,420551951,60,741;702,14000.0;117.0;0.49;0.26
743,420552146,61,516;742;293,125000.0;375.0;0.49;0.28
744,420552809,62,287;743,14000.0;71.0;0.49;0.27
745,420551346,63,291;744,217000.0;584.0;0.49;0.28
746,420551529,64,290;745,132000.0;329.0;0.5;0.27
747,420551145,65,292;746;294,73000.0;304.0;0.51;0.27
748,420550922,66,747;297,92000.0;234.0;0.51;0.27
749,420550724,67,557;748,27000.0;117.0;0.49;0.27
750,420550099,68,749;310,112000.0;350.0;0.5;0.25
751,420550100,69,750;313,73000.0;117.0;0.5;0.25
752,420549718,70,459;751,53000.0;210.0;0.5;0.25
753,420549341,71,752;314,73000.0;210.0;0.5;0.25
754,420548487,72,753;316,86000.0;326.0;0.5;0.25
755,420548064,73,754;584,112000.0;188.0;0.5;0.26
756,420548065,74,755;528,164000.0;538.0;0.5;0.25
757,420548714,75,312;756,33000.0;117.0;0.5;0.26
758,420548066,76,315;757,92000.0;234.0;0.5;0.26
759,420547871,77,758;373,46000.0;188.0;0.5;0.26
760,420547649,78,759;375,105000.0;329.0;0.51;0.26
761,420547650,79,760;530;585,20000.0;117.0;0.51;0.26
762,420547872,80,761;374,33000.0;117.0;0.51;0.26
763,420547873,81,317;762,210000.0;492.0;0.51;0.25
764,420548266,82,763;330,33000.0;188.0;0.51;0.26
765,420547441,83,328;764,295000.0;722.0;0.51;0.26
766,420547034,84,765;389,20000.0;117.0;0.51;0.27
767,420547035,85,766;478,40000.0;117.0;0.51;0.28
768,420546628,86,767;390,249000.0;696.0;0.51;0.29
769,420548716,87,666;768,14000.0;93.0;0.51;0.29
770,420548927,88,325;769,145000.0;443.0;0.51;0.29
771,420549721,89,460;770,79000.0;234.0;0.51;0.29
772,420550103,90,519;771,105000.0;395.0;0.5;0.29
773,420550923,91,274;772,295000.0;513.0;0.5;0.26
774,420551731,92,555;452;773,125000.0;421.0;0.5;0.29
775,420552362,93,271;774,59000.0;234.0;0.5;0.29
776,420552580,94,556;775,105000.0;284.0;0.5;0.31
777,420553018,95,776;283,59000.0;259.0;0.5;0.29
778,420552150,96,777;282,138000.0;234.0;0.5;0.29
779,420553228,97,778;517,118000.0;395.0;0.49;0.28
780,420554053,98,281;779,79000.0;234.0;0.49;0.28
781,420554904,99,279;780;280,40000.0;234.0;0.49;0.28
782,420555121,100,781;278,73000.0;234.0;0.49;0.28
783,420555550,101,277;782,86000.0;302.0;0.48;0.28
784,420556226,102,275;783,99000.0;421.0;0.48;0.28
785,420557052,103,515;784,151000.0;487.0;0.48;0.28
